date_key,date,year,quarter_number,quarter_text,month,year_month,week,year_week,week_start,week_end,week_range,abbreviated_weekday,weekday
1,"2021-01-01 00:00:00",2021,1,"Q1 2021",1,"January 2021",53,"2020, Week 53","2020-12-28 00:00:00",2021-01-03,"Dec 28, 2020 to Jan 03, 2021 (Week 53)",Fri,Friday
2,"2021-01-02 00:00:00",2021,1,"Q1 2021",1,"January 2021",53,"2020, Week 53","2020-12-28 00:00:00",2021-01-03,"Dec 28, 2020 to Jan 03, 2021 (Week 53)",Sat,Saturday
3,"2021-01-03 00:00:00",2021,1,"Q1 2021",1,"January 2021",53,"2020, Week 53","2020-12-28 00:00:00",2021-01-03,"Dec 28, 2020 to Jan 03, 2021 (Week 53)",Sun,Sunday
4,"2021-01-04 00:00:00",2021,1,"Q1 2021",1,"January 2021",1,"2021, Week 1","2021-01-04 00:00:00",2021-01-10,"Jan 04, 2021 to Jan 10, 2021 (Week 1)",Mon,Monday
5,"2021-01-05 00:00:00",2021,1,"Q1 2021",1,"January 2021",1,"2021, Week 1","2021-01-04 00:00:00",2021-01-10,"Jan 04, 2021 to Jan 10, 2021 (Week 1)",Tue,Tuesday
6,"2021-01-06 00:00:00",2021,1,"Q1 2021",1,"January 2021",1,"2021, Week 1","2021-01-04 00:00:00",2021-01-10,"Jan 04, 2021 to Jan 10, 2021 (Week 1)",Wed,Wednesday
7,"2021-01-07 00:00:00",2021,1,"Q1 2021",1,"January 2021",1,"2021, Week 1","2021-01-04 00:00:00",2021-01-10,"Jan 04, 2021 to Jan 10, 2021 (Week 1)",Thu,Thursday
8,"2021-01-08 00:00:00",2021,1,"Q1 2021",1,"January 2021",1,"2021, Week 1","2021-01-04 00:00:00",2021-01-10,"Jan 04, 2021 to Jan 10, 2021 (Week 1)",Fri,Friday
9,"2021-01-09 00:00:00",2021,1,"Q1 2021",1,"January 2021",1,"2021, Week 1","2021-01-04 00:00:00",2021-01-10,"Jan 04, 2021 to Jan 10, 2021 (Week 1)",Sat,Saturday
10,"2021-01-10 00:00:00",2021,1,"Q1 2021",1,"January 2021",1,"2021, Week 1","2021-01-04 00:00:00",2021-01-10,"Jan 04, 2021 to Jan 10, 2021 (Week 1)",Sun,Sunday
11,"2021-01-11 00:00:00",2021,1,"Q1 2021",1,"January 2021",2,"2021, Week 2","2021-01-11 00:00:00",2021-01-17,"Jan 11, 2021 to Jan 17, 2021 (Week 2)",Mon,Monday
12,"2021-01-12 00:00:00",2021,1,"Q1 2021",1,"January 2021",2,"2021, Week 2","2021-01-11 00:00:00",2021-01-17,"Jan 11, 2021 to Jan 17, 2021 (Week 2)",Tue,Tuesday
13,"2021-01-13 00:00:00",2021,1,"Q1 2021",1,"January 2021",2,"2021, Week 2","2021-01-11 00:00:00",2021-01-17,"Jan 11, 2021 to Jan 17, 2021 (Week 2)",Wed,Wednesday
14,"2021-01-14 00:00:00",2021,1,"Q1 2021",1,"January 2021",2,"2021, Week 2","2021-01-11 00:00:00",2021-01-17,"Jan 11, 2021 to Jan 17, 2021 (Week 2)",Thu,Thursday
15,"2021-01-15 00:00:00",2021,1,"Q1 2021",1,"January 2021",2,"2021, Week 2","2021-01-11 00:00:00",2021-01-17,"Jan 11, 2021 to Jan 17, 2021 (Week 2)",Fri,Friday
16,"2021-01-16 00:00:00",2021,1,"Q1 2021",1,"January 2021",2,"2021, Week 2","2021-01-11 00:00:00",2021-01-17,"Jan 11, 2021 to Jan 17, 2021 (Week 2)",Sat,Saturday
17,"2021-01-17 00:00:00",2021,1,"Q1 2021",1,"January 2021",2,"2021, Week 2","2021-01-11 00:00:00",2021-01-17,"Jan 11, 2021 to Jan 17, 2021 (Week 2)",Sun,Sunday
18,"2021-01-18 00:00:00",2021,1,"Q1 2021",1,"January 2021",3,"2021, Week 3","2021-01-18 00:00:00",2021-01-24,"Jan 18, 2021 to Jan 24, 2021 (Week 3)",Mon,Monday
19,"2021-01-19 00:00:00",2021,1,"Q1 2021",1,"January 2021",3,"2021, Week 3","2021-01-18 00:00:00",2021-01-24,"Jan 18, 2021 to Jan 24, 2021 (Week 3)",Tue,Tuesday
20,"2021-01-20 00:00:00",2021,1,"Q1 2021",1,"January 2021",3,"2021, Week 3","2021-01-18 00:00:00",2021-01-24,"Jan 18, 2021 to Jan 24, 2021 (Week 3)",Wed,Wednesday
21,"2021-01-21 00:00:00",2021,1,"Q1 2021",1,"January 2021",3,"2021, Week 3","2021-01-18 00:00:00",2021-01-24,"Jan 18, 2021 to Jan 24, 2021 (Week 3)",Thu,Thursday
22,"2021-01-22 00:00:00",2021,1,"Q1 2021",1,"January 2021",3,"2021, Week 3","2021-01-18 00:00:00",2021-01-24,"Jan 18, 2021 to Jan 24, 2021 (Week 3)",Fri,Friday
23,"2021-01-23 00:00:00",2021,1,"Q1 2021",1,"January 2021",3,"2021, Week 3","2021-01-18 00:00:00",2021-01-24,"Jan 18, 2021 to Jan 24, 2021 (Week 3)",Sat,Saturday
24,"2021-01-24 00:00:00",2021,1,"Q1 2021",1,"January 2021",3,"2021, Week 3","2021-01-18 00:00:00",2021-01-24,"Jan 18, 2021 to Jan 24, 2021 (Week 3)",Sun,Sunday
25,"2021-01-25 00:00:00",2021,1,"Q1 2021",1,"January 2021",4,"2021, Week 4","2021-01-25 00:00:00",2021-01-31,"Jan 25, 2021 to Jan 31, 2021 (Week 4)",Mon,Monday
26,"2021-01-26 00:00:00",2021,1,"Q1 2021",1,"January 2021",4,"2021, Week 4","2021-01-25 00:00:00",2021-01-31,"Jan 25, 2021 to Jan 31, 2021 (Week 4)",Tue,Tuesday
27,"2021-01-27 00:00:00",2021,1,"Q1 2021",1,"January 2021",4,"2021, Week 4","2021-01-25 00:00:00",2021-01-31,"Jan 25, 2021 to Jan 31, 2021 (Week 4)",Wed,Wednesday
28,"2021-01-28 00:00:00",2021,1,"Q1 2021",1,"January 2021",4,"2021, Week 4","2021-01-25 00:00:00",2021-01-31,"Jan 25, 2021 to Jan 31, 2021 (Week 4)",Thu,Thursday
29,"2021-01-29 00:00:00",2021,1,"Q1 2021",1,"January 2021",4,"2021, Week 4","2021-01-25 00:00:00",2021-01-31,"Jan 25, 2021 to Jan 31, 2021 (Week 4)",Fri,Friday
30,"2021-01-30 00:00:00",2021,1,"Q1 2021",1,"January 2021",4,"2021, Week 4","2021-01-25 00:00:00",2021-01-31,"Jan 25, 2021 to Jan 31, 2021 (Week 4)",Sat,Saturday
31,"2021-01-31 00:00:00",2021,1,"Q1 2021",1,"January 2021",4,"2021, Week 4","2021-01-25 00:00:00",2021-01-31,"Jan 25, 2021 to Jan 31, 2021 (Week 4)",Sun,Sunday
32,"2021-02-01 00:00:00",2021,1,"Q1 2021",2,"February 2021",5,"2021, Week 5","2021-02-01 00:00:00",2021-02-07,"Feb 01, 2021 to Feb 07, 2021 (Week 5)",Mon,Monday
33,"2021-02-02 00:00:00",2021,1,"Q1 2021",2,"February 2021",5,"2021, Week 5","2021-02-01 00:00:00",2021-02-07,"Feb 01, 2021 to Feb 07, 2021 (Week 5)",Tue,Tuesday
34,"2021-02-03 00:00:00",2021,1,"Q1 2021",2,"February 2021",5,"2021, Week 5","2021-02-01 00:00:00",2021-02-07,"Feb 01, 2021 to Feb 07, 2021 (Week 5)",Wed,Wednesday
35,"2021-02-04 00:00:00",2021,1,"Q1 2021",2,"February 2021",5,"2021, Week 5","2021-02-01 00:00:00",2021-02-07,"Feb 01, 2021 to Feb 07, 2021 (Week 5)",Thu,Thursday
36,"2021-02-05 00:00:00",2021,1,"Q1 2021",2,"February 2021",5,"2021, Week 5","2021-02-01 00:00:00",2021-02-07,"Feb 01, 2021 to Feb 07, 2021 (Week 5)",Fri,Friday
37,"2021-02-06 00:00:00",2021,1,"Q1 2021",2,"February 2021",5,"2021, Week 5","2021-02-01 00:00:00",2021-02-07,"Feb 01, 2021 to Feb 07, 2021 (Week 5)",Sat,Saturday
38,"2021-02-07 00:00:00",2021,1,"Q1 2021",2,"February 2021",5,"2021, Week 5","2021-02-01 00:00:00",2021-02-07,"Feb 01, 2021 to Feb 07, 2021 (Week 5)",Sun,Sunday
39,"2021-02-08 00:00:00",2021,1,"Q1 2021",2,"February 2021",6,"2021, Week 6","2021-02-08 00:00:00",2021-02-14,"Feb 08, 2021 to Feb 14, 2021 (Week 6)",Mon,Monday
40,"2021-02-09 00:00:00",2021,1,"Q1 2021",2,"February 2021",6,"2021, Week 6","2021-02-08 00:00:00",2021-02-14,"Feb 08, 2021 to Feb 14, 2021 (Week 6)",Tue,Tuesday
41,"2021-02-10 00:00:00",2021,1,"Q1 2021",2,"February 2021",6,"2021, Week 6","2021-02-08 00:00:00",2021-02-14,"Feb 08, 2021 to Feb 14, 2021 (Week 6)",Wed,Wednesday
42,"2021-02-11 00:00:00",2021,1,"Q1 2021",2,"February 2021",6,"2021, Week 6","2021-02-08 00:00:00",2021-02-14,"Feb 08, 2021 to Feb 14, 2021 (Week 6)",Thu,Thursday
43,"2021-02-12 00:00:00",2021,1,"Q1 2021",2,"February 2021",6,"2021, Week 6","2021-02-08 00:00:00",2021-02-14,"Feb 08, 2021 to Feb 14, 2021 (Week 6)",Fri,Friday
44,"2021-02-13 00:00:00",2021,1,"Q1 2021",2,"February 2021",6,"2021, Week 6","2021-02-08 00:00:00",2021-02-14,"Feb 08, 2021 to Feb 14, 2021 (Week 6)",Sat,Saturday
45,"2021-02-14 00:00:00",2021,1,"Q1 2021",2,"February 2021",6,"2021, Week 6","2021-02-08 00:00:00",2021-02-14,"Feb 08, 2021 to Feb 14, 2021 (Week 6)",Sun,Sunday
46,"2021-02-15 00:00:00",2021,1,"Q1 2021",2,"February 2021",7,"2021, Week 7","2021-02-15 00:00:00",2021-02-21,"Feb 15, 2021 to Feb 21, 2021 (Week 7)",Mon,Monday
47,"2021-02-16 00:00:00",2021,1,"Q1 2021",2,"February 2021",7,"2021, Week 7","2021-02-15 00:00:00",2021-02-21,"Feb 15, 2021 to Feb 21, 2021 (Week 7)",Tue,Tuesday
48,"2021-02-17 00:00:00",2021,1,"Q1 2021",2,"February 2021",7,"2021, Week 7","2021-02-15 00:00:00",2021-02-21,"Feb 15, 2021 to Feb 21, 2021 (Week 7)",Wed,Wednesday
49,"2021-02-18 00:00:00",2021,1,"Q1 2021",2,"February 2021",7,"2021, Week 7","2021-02-15 00:00:00",2021-02-21,"Feb 15, 2021 to Feb 21, 2021 (Week 7)",Thu,Thursday
50,"2021-02-19 00:00:00",2021,1,"Q1 2021",2,"February 2021",7,"2021, Week 7","2021-02-15 00:00:00",2021-02-21,"Feb 15, 2021 to Feb 21, 2021 (Week 7)",Fri,Friday
51,"2021-02-20 00:00:00",2021,1,"Q1 2021",2,"February 2021",7,"2021, Week 7","2021-02-15 00:00:00",2021-02-21,"Feb 15, 2021 to Feb 21, 2021 (Week 7)",Sat,Saturday
52,"2021-02-21 00:00:00",2021,1,"Q1 2021",2,"February 2021",7,"2021, Week 7","2021-02-15 00:00:00",2021-02-21,"Feb 15, 2021 to Feb 21, 2021 (Week 7)",Sun,Sunday
53,"2021-02-22 00:00:00",2021,1,"Q1 2021",2,"February 2021",8,"2021, Week 8","2021-02-22 00:00:00",2021-02-28,"Feb 22, 2021 to Feb 28, 2021 (Week 8)",Mon,Monday
54,"2021-02-23 00:00:00",2021,1,"Q1 2021",2,"February 2021",8,"2021, Week 8","2021-02-22 00:00:00",2021-02-28,"Feb 22, 2021 to Feb 28, 2021 (Week 8)",Tue,Tuesday
55,"2021-02-24 00:00:00",2021,1,"Q1 2021",2,"February 2021",8,"2021, Week 8","2021-02-22 00:00:00",2021-02-28,"Feb 22, 2021 to Feb 28, 2021 (Week 8)",Wed,Wednesday
56,"2021-02-25 00:00:00",2021,1,"Q1 2021",2,"February 2021",8,"2021, Week 8","2021-02-22 00:00:00",2021-02-28,"Feb 22, 2021 to Feb 28, 2021 (Week 8)",Thu,Thursday
57,"2021-02-26 00:00:00",2021,1,"Q1 2021",2,"February 2021",8,"2021, Week 8","2021-02-22 00:00:00",2021-02-28,"Feb 22, 2021 to Feb 28, 2021 (Week 8)",Fri,Friday
58,"2021-02-27 00:00:00",2021,1,"Q1 2021",2,"February 2021",8,"2021, Week 8","2021-02-22 00:00:00",2021-02-28,"Feb 22, 2021 to Feb 28, 2021 (Week 8)",Sat,Saturday
59,"2021-02-28 00:00:00",2021,1,"Q1 2021",2,"February 2021",8,"2021, Week 8","2021-02-22 00:00:00",2021-02-28,"Feb 22, 2021 to Feb 28, 2021 (Week 8)",Sun,Sunday
60,"2021-03-01 00:00:00",2021,1,"Q1 2021",3,"March 2021",9,"2021, Week 9","2021-03-01 00:00:00",2021-03-07,"Mar 01, 2021 to Mar 07, 2021 (Week 9)",Mon,Monday
61,"2021-03-02 00:00:00",2021,1,"Q1 2021",3,"March 2021",9,"2021, Week 9","2021-03-01 00:00:00",2021-03-07,"Mar 01, 2021 to Mar 07, 2021 (Week 9)",Tue,Tuesday
62,"2021-03-03 00:00:00",2021,1,"Q1 2021",3,"March 2021",9,"2021, Week 9","2021-03-01 00:00:00",2021-03-07,"Mar 01, 2021 to Mar 07, 2021 (Week 9)",Wed,Wednesday
63,"2021-03-04 00:00:00",2021,1,"Q1 2021",3,"March 2021",9,"2021, Week 9","2021-03-01 00:00:00",2021-03-07,"Mar 01, 2021 to Mar 07, 2021 (Week 9)",Thu,Thursday
64,"2021-03-05 00:00:00",2021,1,"Q1 2021",3,"March 2021",9,"2021, Week 9","2021-03-01 00:00:00",2021-03-07,"Mar 01, 2021 to Mar 07, 2021 (Week 9)",Fri,Friday
65,"2021-03-06 00:00:00",2021,1,"Q1 2021",3,"March 2021",9,"2021, Week 9","2021-03-01 00:00:00",2021-03-07,"Mar 01, 2021 to Mar 07, 2021 (Week 9)",Sat,Saturday
66,"2021-03-07 00:00:00",2021,1,"Q1 2021",3,"March 2021",9,"2021, Week 9","2021-03-01 00:00:00",2021-03-07,"Mar 01, 2021 to Mar 07, 2021 (Week 9)",Sun,Sunday
67,"2021-03-08 00:00:00",2021,1,"Q1 2021",3,"March 2021",10,"2021, Week 10","2021-03-08 00:00:00",2021-03-14,"Mar 08, 2021 to Mar 14, 2021 (Week 10)",Mon,Monday
68,"2021-03-09 00:00:00",2021,1,"Q1 2021",3,"March 2021",10,"2021, Week 10","2021-03-08 00:00:00",2021-03-14,"Mar 08, 2021 to Mar 14, 2021 (Week 10)",Tue,Tuesday
69,"2021-03-10 00:00:00",2021,1,"Q1 2021",3,"March 2021",10,"2021, Week 10","2021-03-08 00:00:00",2021-03-14,"Mar 08, 2021 to Mar 14, 2021 (Week 10)",Wed,Wednesday
70,"2021-03-11 00:00:00",2021,1,"Q1 2021",3,"March 2021",10,"2021, Week 10","2021-03-08 00:00:00",2021-03-14,"Mar 08, 2021 to Mar 14, 2021 (Week 10)",Thu,Thursday
71,"2021-03-12 00:00:00",2021,1,"Q1 2021",3,"March 2021",10,"2021, Week 10","2021-03-08 00:00:00",2021-03-14,"Mar 08, 2021 to Mar 14, 2021 (Week 10)",Fri,Friday
72,"2021-03-13 00:00:00",2021,1,"Q1 2021",3,"March 2021",10,"2021, Week 10","2021-03-08 00:00:00",2021-03-14,"Mar 08, 2021 to Mar 14, 2021 (Week 10)",Sat,Saturday
73,"2021-03-14 00:00:00",2021,1,"Q1 2021",3,"March 2021",10,"2021, Week 10","2021-03-08 00:00:00",2021-03-14,"Mar 08, 2021 to Mar 14, 2021 (Week 10)",Sun,Sunday
74,"2021-03-15 00:00:00",2021,1,"Q1 2021",3,"March 2021",11,"2021, Week 11","2021-03-15 00:00:00",2021-03-21,"Mar 15, 2021 to Mar 21, 2021 (Week 11)",Mon,Monday
75,"2021-03-16 00:00:00",2021,1,"Q1 2021",3,"March 2021",11,"2021, Week 11","2021-03-15 00:00:00",2021-03-21,"Mar 15, 2021 to Mar 21, 2021 (Week 11)",Tue,Tuesday
76,"2021-03-17 00:00:00",2021,1,"Q1 2021",3,"March 2021",11,"2021, Week 11","2021-03-15 00:00:00",2021-03-21,"Mar 15, 2021 to Mar 21, 2021 (Week 11)",Wed,Wednesday
77,"2021-03-18 00:00:00",2021,1,"Q1 2021",3,"March 2021",11,"2021, Week 11","2021-03-15 00:00:00",2021-03-21,"Mar 15, 2021 to Mar 21, 2021 (Week 11)",Thu,Thursday
78,"2021-03-19 00:00:00",2021,1,"Q1 2021",3,"March 2021",11,"2021, Week 11","2021-03-15 00:00:00",2021-03-21,"Mar 15, 2021 to Mar 21, 2021 (Week 11)",Fri,Friday
79,"2021-03-20 00:00:00",2021,1,"Q1 2021",3,"March 2021",11,"2021, Week 11","2021-03-15 00:00:00",2021-03-21,"Mar 15, 2021 to Mar 21, 2021 (Week 11)",Sat,Saturday
80,"2021-03-21 00:00:00",2021,1,"Q1 2021",3,"March 2021",11,"2021, Week 11","2021-03-15 00:00:00",2021-03-21,"Mar 15, 2021 to Mar 21, 2021 (Week 11)",Sun,Sunday
81,"2021-03-22 00:00:00",2021,1,"Q1 2021",3,"March 2021",12,"2021, Week 12","2021-03-22 00:00:00",2021-03-28,"Mar 22, 2021 to Mar 28, 2021 (Week 12)",Mon,Monday
82,"2021-03-23 00:00:00",2021,1,"Q1 2021",3,"March 2021",12,"2021, Week 12","2021-03-22 00:00:00",2021-03-28,"Mar 22, 2021 to Mar 28, 2021 (Week 12)",Tue,Tuesday
83,"2021-03-24 00:00:00",2021,1,"Q1 2021",3,"March 2021",12,"2021, Week 12","2021-03-22 00:00:00",2021-03-28,"Mar 22, 2021 to Mar 28, 2021 (Week 12)",Wed,Wednesday
84,"2021-03-25 00:00:00",2021,1,"Q1 2021",3,"March 2021",12,"2021, Week 12","2021-03-22 00:00:00",2021-03-28,"Mar 22, 2021 to Mar 28, 2021 (Week 12)",Thu,Thursday
85,"2021-03-26 00:00:00",2021,1,"Q1 2021",3,"March 2021",12,"2021, Week 12","2021-03-22 00:00:00",2021-03-28,"Mar 22, 2021 to Mar 28, 2021 (Week 12)",Fri,Friday
86,"2021-03-27 00:00:00",2021,1,"Q1 2021",3,"March 2021",12,"2021, Week 12","2021-03-22 00:00:00",2021-03-28,"Mar 22, 2021 to Mar 28, 2021 (Week 12)",Sat,Saturday
87,"2021-03-28 00:00:00",2021,1,"Q1 2021",3,"March 2021",12,"2021, Week 12","2021-03-22 00:00:00",2021-03-28,"Mar 22, 2021 to Mar 28, 2021 (Week 12)",Sun,Sunday
88,"2021-03-29 00:00:00",2021,1,"Q1 2021",3,"March 2021",13,"2021, Week 13","2021-03-29 00:00:00",2021-04-04,"Mar 29, 2021 to Apr 04, 2021 (Week 13)",Mon,Monday
89,"2021-03-30 00:00:00",2021,1,"Q1 2021",3,"March 2021",13,"2021, Week 13","2021-03-29 00:00:00",2021-04-04,"Mar 29, 2021 to Apr 04, 2021 (Week 13)",Tue,Tuesday
90,"2021-03-31 00:00:00",2021,1,"Q1 2021",3,"March 2021",13,"2021, Week 13","2021-03-29 00:00:00",2021-04-04,"Mar 29, 2021 to Apr 04, 2021 (Week 13)",Wed,Wednesday
91,"2021-04-01 00:00:00",2021,2,"Q2 2021",4,"April 2021",13,"2021, Week 13","2021-03-29 00:00:00",2021-04-04,"Mar 29, 2021 to Apr 04, 2021 (Week 13)",Thu,Thursday
92,"2021-04-02 00:00:00",2021,2,"Q2 2021",4,"April 2021",13,"2021, Week 13","2021-03-29 00:00:00",2021-04-04,"Mar 29, 2021 to Apr 04, 2021 (Week 13)",Fri,Friday
93,"2021-04-03 00:00:00",2021,2,"Q2 2021",4,"April 2021",13,"2021, Week 13","2021-03-29 00:00:00",2021-04-04,"Mar 29, 2021 to Apr 04, 2021 (Week 13)",Sat,Saturday
94,"2021-04-04 00:00:00",2021,2,"Q2 2021",4,"April 2021",13,"2021, Week 13","2021-03-29 00:00:00",2021-04-04,"Mar 29, 2021 to Apr 04, 2021 (Week 13)",Sun,Sunday
95,"2021-04-05 00:00:00",2021,2,"Q2 2021",4,"April 2021",14,"2021, Week 14","2021-04-05 00:00:00",2021-04-11,"Apr 05, 2021 to Apr 11, 2021 (Week 14)",Mon,Monday
96,"2021-04-06 00:00:00",2021,2,"Q2 2021",4,"April 2021",14,"2021, Week 14","2021-04-05 00:00:00",2021-04-11,"Apr 05, 2021 to Apr 11, 2021 (Week 14)",Tue,Tuesday
97,"2021-04-07 00:00:00",2021,2,"Q2 2021",4,"April 2021",14,"2021, Week 14","2021-04-05 00:00:00",2021-04-11,"Apr 05, 2021 to Apr 11, 2021 (Week 14)",Wed,Wednesday
98,"2021-04-08 00:00:00",2021,2,"Q2 2021",4,"April 2021",14,"2021, Week 14","2021-04-05 00:00:00",2021-04-11,"Apr 05, 2021 to Apr 11, 2021 (Week 14)",Thu,Thursday
99,"2021-04-09 00:00:00",2021,2,"Q2 2021",4,"April 2021",14,"2021, Week 14","2021-04-05 00:00:00",2021-04-11,"Apr 05, 2021 to Apr 11, 2021 (Week 14)",Fri,Friday
100,"2021-04-10 00:00:00",2021,2,"Q2 2021",4,"April 2021",14,"2021, Week 14","2021-04-05 00:00:00",2021-04-11,"Apr 05, 2021 to Apr 11, 2021 (Week 14)",Sat,Saturday
101,"2021-04-11 00:00:00",2021,2,"Q2 2021",4,"April 2021",14,"2021, Week 14","2021-04-05 00:00:00",2021-04-11,"Apr 05, 2021 to Apr 11, 2021 (Week 14)",Sun,Sunday
102,"2021-04-12 00:00:00",2021,2,"Q2 2021",4,"April 2021",15,"2021, Week 15","2021-04-12 00:00:00",2021-04-18,"Apr 12, 2021 to Apr 18, 2021 (Week 15)",Mon,Monday
103,"2021-04-13 00:00:00",2021,2,"Q2 2021",4,"April 2021",15,"2021, Week 15","2021-04-12 00:00:00",2021-04-18,"Apr 12, 2021 to Apr 18, 2021 (Week 15)",Tue,Tuesday
104,"2021-04-14 00:00:00",2021,2,"Q2 2021",4,"April 2021",15,"2021, Week 15","2021-04-12 00:00:00",2021-04-18,"Apr 12, 2021 to Apr 18, 2021 (Week 15)",Wed,Wednesday
105,"2021-04-15 00:00:00",2021,2,"Q2 2021",4,"April 2021",15,"2021, Week 15","2021-04-12 00:00:00",2021-04-18,"Apr 12, 2021 to Apr 18, 2021 (Week 15)",Thu,Thursday
106,"2021-04-16 00:00:00",2021,2,"Q2 2021",4,"April 2021",15,"2021, Week 15","2021-04-12 00:00:00",2021-04-18,"Apr 12, 2021 to Apr 18, 2021 (Week 15)",Fri,Friday
107,"2021-04-17 00:00:00",2021,2,"Q2 2021",4,"April 2021",15,"2021, Week 15","2021-04-12 00:00:00",2021-04-18,"Apr 12, 2021 to Apr 18, 2021 (Week 15)",Sat,Saturday
108,"2021-04-18 00:00:00",2021,2,"Q2 2021",4,"April 2021",15,"2021, Week 15","2021-04-12 00:00:00",2021-04-18,"Apr 12, 2021 to Apr 18, 2021 (Week 15)",Sun,Sunday
109,"2021-04-19 00:00:00",2021,2,"Q2 2021",4,"April 2021",16,"2021, Week 16","2021-04-19 00:00:00",2021-04-25,"Apr 19, 2021 to Apr 25, 2021 (Week 16)",Mon,Monday
110,"2021-04-20 00:00:00",2021,2,"Q2 2021",4,"April 2021",16,"2021, Week 16","2021-04-19 00:00:00",2021-04-25,"Apr 19, 2021 to Apr 25, 2021 (Week 16)",Tue,Tuesday
111,"2021-04-21 00:00:00",2021,2,"Q2 2021",4,"April 2021",16,"2021, Week 16","2021-04-19 00:00:00",2021-04-25,"Apr 19, 2021 to Apr 25, 2021 (Week 16)",Wed,Wednesday
112,"2021-04-22 00:00:00",2021,2,"Q2 2021",4,"April 2021",16,"2021, Week 16","2021-04-19 00:00:00",2021-04-25,"Apr 19, 2021 to Apr 25, 2021 (Week 16)",Thu,Thursday
113,"2021-04-23 00:00:00",2021,2,"Q2 2021",4,"April 2021",16,"2021, Week 16","2021-04-19 00:00:00",2021-04-25,"Apr 19, 2021 to Apr 25, 2021 (Week 16)",Fri,Friday
114,"2021-04-24 00:00:00",2021,2,"Q2 2021",4,"April 2021",16,"2021, Week 16","2021-04-19 00:00:00",2021-04-25,"Apr 19, 2021 to Apr 25, 2021 (Week 16)",Sat,Saturday
115,"2021-04-25 00:00:00",2021,2,"Q2 2021",4,"April 2021",16,"2021, Week 16","2021-04-19 00:00:00",2021-04-25,"Apr 19, 2021 to Apr 25, 2021 (Week 16)",Sun,Sunday
116,"2021-04-26 00:00:00",2021,2,"Q2 2021",4,"April 2021",17,"2021, Week 17","2021-04-26 00:00:00",2021-05-02,"Apr 26, 2021 to May 02, 2021 (Week 17)",Mon,Monday
117,"2021-04-27 00:00:00",2021,2,"Q2 2021",4,"April 2021",17,"2021, Week 17","2021-04-26 00:00:00",2021-05-02,"Apr 26, 2021 to May 02, 2021 (Week 17)",Tue,Tuesday
118,"2021-04-28 00:00:00",2021,2,"Q2 2021",4,"April 2021",17,"2021, Week 17","2021-04-26 00:00:00",2021-05-02,"Apr 26, 2021 to May 02, 2021 (Week 17)",Wed,Wednesday
119,"2021-04-29 00:00:00",2021,2,"Q2 2021",4,"April 2021",17,"2021, Week 17","2021-04-26 00:00:00",2021-05-02,"Apr 26, 2021 to May 02, 2021 (Week 17)",Thu,Thursday
120,"2021-04-30 00:00:00",2021,2,"Q2 2021",4,"April 2021",17,"2021, Week 17","2021-04-26 00:00:00",2021-05-02,"Apr 26, 2021 to May 02, 2021 (Week 17)",Fri,Friday
121,"2021-05-01 00:00:00",2021,2,"Q2 2021",5,"May 2021",17,"2021, Week 17","2021-04-26 00:00:00",2021-05-02,"Apr 26, 2021 to May 02, 2021 (Week 17)",Sat,Saturday
122,"2021-05-02 00:00:00",2021,2,"Q2 2021",5,"May 2021",17,"2021, Week 17","2021-04-26 00:00:00",2021-05-02,"Apr 26, 2021 to May 02, 2021 (Week 17)",Sun,Sunday
123,"2021-05-03 00:00:00",2021,2,"Q2 2021",5,"May 2021",18,"2021, Week 18","2021-05-03 00:00:00",2021-05-09,"May 03, 2021 to May 09, 2021 (Week 18)",Mon,Monday
124,"2021-05-04 00:00:00",2021,2,"Q2 2021",5,"May 2021",18,"2021, Week 18","2021-05-03 00:00:00",2021-05-09,"May 03, 2021 to May 09, 2021 (Week 18)",Tue,Tuesday
125,"2021-05-05 00:00:00",2021,2,"Q2 2021",5,"May 2021",18,"2021, Week 18","2021-05-03 00:00:00",2021-05-09,"May 03, 2021 to May 09, 2021 (Week 18)",Wed,Wednesday
126,"2021-05-06 00:00:00",2021,2,"Q2 2021",5,"May 2021",18,"2021, Week 18","2021-05-03 00:00:00",2021-05-09,"May 03, 2021 to May 09, 2021 (Week 18)",Thu,Thursday
127,"2021-05-07 00:00:00",2021,2,"Q2 2021",5,"May 2021",18,"2021, Week 18","2021-05-03 00:00:00",2021-05-09,"May 03, 2021 to May 09, 2021 (Week 18)",Fri,Friday
128,"2021-05-08 00:00:00",2021,2,"Q2 2021",5,"May 2021",18,"2021, Week 18","2021-05-03 00:00:00",2021-05-09,"May 03, 2021 to May 09, 2021 (Week 18)",Sat,Saturday
129,"2021-05-09 00:00:00",2021,2,"Q2 2021",5,"May 2021",18,"2021, Week 18","2021-05-03 00:00:00",2021-05-09,"May 03, 2021 to May 09, 2021 (Week 18)",Sun,Sunday
130,"2021-05-10 00:00:00",2021,2,"Q2 2021",5,"May 2021",19,"2021, Week 19","2021-05-10 00:00:00",2021-05-16,"May 10, 2021 to May 16, 2021 (Week 19)",Mon,Monday
131,"2021-05-11 00:00:00",2021,2,"Q2 2021",5,"May 2021",19,"2021, Week 19","2021-05-10 00:00:00",2021-05-16,"May 10, 2021 to May 16, 2021 (Week 19)",Tue,Tuesday
132,"2021-05-12 00:00:00",2021,2,"Q2 2021",5,"May 2021",19,"2021, Week 19","2021-05-10 00:00:00",2021-05-16,"May 10, 2021 to May 16, 2021 (Week 19)",Wed,Wednesday
133,"2021-05-13 00:00:00",2021,2,"Q2 2021",5,"May 2021",19,"2021, Week 19","2021-05-10 00:00:00",2021-05-16,"May 10, 2021 to May 16, 2021 (Week 19)",Thu,Thursday
134,"2021-05-14 00:00:00",2021,2,"Q2 2021",5,"May 2021",19,"2021, Week 19","2021-05-10 00:00:00",2021-05-16,"May 10, 2021 to May 16, 2021 (Week 19)",Fri,Friday
135,"2021-05-15 00:00:00",2021,2,"Q2 2021",5,"May 2021",19,"2021, Week 19","2021-05-10 00:00:00",2021-05-16,"May 10, 2021 to May 16, 2021 (Week 19)",Sat,Saturday
136,"2021-05-16 00:00:00",2021,2,"Q2 2021",5,"May 2021",19,"2021, Week 19","2021-05-10 00:00:00",2021-05-16,"May 10, 2021 to May 16, 2021 (Week 19)",Sun,Sunday
137,"2021-05-17 00:00:00",2021,2,"Q2 2021",5,"May 2021",20,"2021, Week 20","2021-05-17 00:00:00",2021-05-23,"May 17, 2021 to May 23, 2021 (Week 20)",Mon,Monday
138,"2021-05-18 00:00:00",2021,2,"Q2 2021",5,"May 2021",20,"2021, Week 20","2021-05-17 00:00:00",2021-05-23,"May 17, 2021 to May 23, 2021 (Week 20)",Tue,Tuesday
139,"2021-05-19 00:00:00",2021,2,"Q2 2021",5,"May 2021",20,"2021, Week 20","2021-05-17 00:00:00",2021-05-23,"May 17, 2021 to May 23, 2021 (Week 20)",Wed,Wednesday
140,"2021-05-20 00:00:00",2021,2,"Q2 2021",5,"May 2021",20,"2021, Week 20","2021-05-17 00:00:00",2021-05-23,"May 17, 2021 to May 23, 2021 (Week 20)",Thu,Thursday
141,"2021-05-21 00:00:00",2021,2,"Q2 2021",5,"May 2021",20,"2021, Week 20","2021-05-17 00:00:00",2021-05-23,"May 17, 2021 to May 23, 2021 (Week 20)",Fri,Friday
142,"2021-05-22 00:00:00",2021,2,"Q2 2021",5,"May 2021",20,"2021, Week 20","2021-05-17 00:00:00",2021-05-23,"May 17, 2021 to May 23, 2021 (Week 20)",Sat,Saturday
143,"2021-05-23 00:00:00",2021,2,"Q2 2021",5,"May 2021",20,"2021, Week 20","2021-05-17 00:00:00",2021-05-23,"May 17, 2021 to May 23, 2021 (Week 20)",Sun,Sunday
144,"2021-05-24 00:00:00",2021,2,"Q2 2021",5,"May 2021",21,"2021, Week 21","2021-05-24 00:00:00",2021-05-30,"May 24, 2021 to May 30, 2021 (Week 21)",Mon,Monday
145,"2021-05-25 00:00:00",2021,2,"Q2 2021",5,"May 2021",21,"2021, Week 21","2021-05-24 00:00:00",2021-05-30,"May 24, 2021 to May 30, 2021 (Week 21)",Tue,Tuesday
146,"2021-05-26 00:00:00",2021,2,"Q2 2021",5,"May 2021",21,"2021, Week 21","2021-05-24 00:00:00",2021-05-30,"May 24, 2021 to May 30, 2021 (Week 21)",Wed,Wednesday
147,"2021-05-27 00:00:00",2021,2,"Q2 2021",5,"May 2021",21,"2021, Week 21","2021-05-24 00:00:00",2021-05-30,"May 24, 2021 to May 30, 2021 (Week 21)",Thu,Thursday
148,"2021-05-28 00:00:00",2021,2,"Q2 2021",5,"May 2021",21,"2021, Week 21","2021-05-24 00:00:00",2021-05-30,"May 24, 2021 to May 30, 2021 (Week 21)",Fri,Friday
149,"2021-05-29 00:00:00",2021,2,"Q2 2021",5,"May 2021",21,"2021, Week 21","2021-05-24 00:00:00",2021-05-30,"May 24, 2021 to May 30, 2021 (Week 21)",Sat,Saturday
150,"2021-05-30 00:00:00",2021,2,"Q2 2021",5,"May 2021",21,"2021, Week 21","2021-05-24 00:00:00",2021-05-30,"May 24, 2021 to May 30, 2021 (Week 21)",Sun,Sunday
151,"2021-05-31 00:00:00",2021,2,"Q2 2021",5,"May 2021",22,"2021, Week 22","2021-05-31 00:00:00",2021-06-06,"May 31, 2021 to Jun 06, 2021 (Week 22)",Mon,Monday
152,"2021-06-01 00:00:00",2021,2,"Q2 2021",6,"June 2021",22,"2021, Week 22","2021-05-31 00:00:00",2021-06-06,"May 31, 2021 to Jun 06, 2021 (Week 22)",Tue,Tuesday
153,"2021-06-02 00:00:00",2021,2,"Q2 2021",6,"June 2021",22,"2021, Week 22","2021-05-31 00:00:00",2021-06-06,"May 31, 2021 to Jun 06, 2021 (Week 22)",Wed,Wednesday
154,"2021-06-03 00:00:00",2021,2,"Q2 2021",6,"June 2021",22,"2021, Week 22","2021-05-31 00:00:00",2021-06-06,"May 31, 2021 to Jun 06, 2021 (Week 22)",Thu,Thursday
155,"2021-06-04 00:00:00",2021,2,"Q2 2021",6,"June 2021",22,"2021, Week 22","2021-05-31 00:00:00",2021-06-06,"May 31, 2021 to Jun 06, 2021 (Week 22)",Fri,Friday
156,"2021-06-05 00:00:00",2021,2,"Q2 2021",6,"June 2021",22,"2021, Week 22","2021-05-31 00:00:00",2021-06-06,"May 31, 2021 to Jun 06, 2021 (Week 22)",Sat,Saturday
157,"2021-06-06 00:00:00",2021,2,"Q2 2021",6,"June 2021",22,"2021, Week 22","2021-05-31 00:00:00",2021-06-06,"May 31, 2021 to Jun 06, 2021 (Week 22)",Sun,Sunday
158,"2021-06-07 00:00:00",2021,2,"Q2 2021",6,"June 2021",23,"2021, Week 23","2021-06-07 00:00:00",2021-06-13,"Jun 07, 2021 to Jun 13, 2021 (Week 23)",Mon,Monday
159,"2021-06-08 00:00:00",2021,2,"Q2 2021",6,"June 2021",23,"2021, Week 23","2021-06-07 00:00:00",2021-06-13,"Jun 07, 2021 to Jun 13, 2021 (Week 23)",Tue,Tuesday
160,"2021-06-09 00:00:00",2021,2,"Q2 2021",6,"June 2021",23,"2021, Week 23","2021-06-07 00:00:00",2021-06-13,"Jun 07, 2021 to Jun 13, 2021 (Week 23)",Wed,Wednesday
161,"2021-06-10 00:00:00",2021,2,"Q2 2021",6,"June 2021",23,"2021, Week 23","2021-06-07 00:00:00",2021-06-13,"Jun 07, 2021 to Jun 13, 2021 (Week 23)",Thu,Thursday
162,"2021-06-11 00:00:00",2021,2,"Q2 2021",6,"June 2021",23,"2021, Week 23","2021-06-07 00:00:00",2021-06-13,"Jun 07, 2021 to Jun 13, 2021 (Week 23)",Fri,Friday
163,"2021-06-12 00:00:00",2021,2,"Q2 2021",6,"June 2021",23,"2021, Week 23","2021-06-07 00:00:00",2021-06-13,"Jun 07, 2021 to Jun 13, 2021 (Week 23)",Sat,Saturday
164,"2021-06-13 00:00:00",2021,2,"Q2 2021",6,"June 2021",23,"2021, Week 23","2021-06-07 00:00:00",2021-06-13,"Jun 07, 2021 to Jun 13, 2021 (Week 23)",Sun,Sunday
165,"2021-06-14 00:00:00",2021,2,"Q2 2021",6,"June 2021",24,"2021, Week 24","2021-06-14 00:00:00",2021-06-20,"Jun 14, 2021 to Jun 20, 2021 (Week 24)",Mon,Monday
166,"2021-06-15 00:00:00",2021,2,"Q2 2021",6,"June 2021",24,"2021, Week 24","2021-06-14 00:00:00",2021-06-20,"Jun 14, 2021 to Jun 20, 2021 (Week 24)",Tue,Tuesday
167,"2021-06-16 00:00:00",2021,2,"Q2 2021",6,"June 2021",24,"2021, Week 24","2021-06-14 00:00:00",2021-06-20,"Jun 14, 2021 to Jun 20, 2021 (Week 24)",Wed,Wednesday
168,"2021-06-17 00:00:00",2021,2,"Q2 2021",6,"June 2021",24,"2021, Week 24","2021-06-14 00:00:00",2021-06-20,"Jun 14, 2021 to Jun 20, 2021 (Week 24)",Thu,Thursday
169,"2021-06-18 00:00:00",2021,2,"Q2 2021",6,"June 2021",24,"2021, Week 24","2021-06-14 00:00:00",2021-06-20,"Jun 14, 2021 to Jun 20, 2021 (Week 24)",Fri,Friday
170,"2021-06-19 00:00:00",2021,2,"Q2 2021",6,"June 2021",24,"2021, Week 24","2021-06-14 00:00:00",2021-06-20,"Jun 14, 2021 to Jun 20, 2021 (Week 24)",Sat,Saturday
171,"2021-06-20 00:00:00",2021,2,"Q2 2021",6,"June 2021",24,"2021, Week 24","2021-06-14 00:00:00",2021-06-20,"Jun 14, 2021 to Jun 20, 2021 (Week 24)",Sun,Sunday
172,"2021-06-21 00:00:00",2021,2,"Q2 2021",6,"June 2021",25,"2021, Week 25","2021-06-21 00:00:00",2021-06-27,"Jun 21, 2021 to Jun 27, 2021 (Week 25)",Mon,Monday
173,"2021-06-22 00:00:00",2021,2,"Q2 2021",6,"June 2021",25,"2021, Week 25","2021-06-21 00:00:00",2021-06-27,"Jun 21, 2021 to Jun 27, 2021 (Week 25)",Tue,Tuesday
174,"2021-06-23 00:00:00",2021,2,"Q2 2021",6,"June 2021",25,"2021, Week 25","2021-06-21 00:00:00",2021-06-27,"Jun 21, 2021 to Jun 27, 2021 (Week 25)",Wed,Wednesday
175,"2021-06-24 00:00:00",2021,2,"Q2 2021",6,"June 2021",25,"2021, Week 25","2021-06-21 00:00:00",2021-06-27,"Jun 21, 2021 to Jun 27, 2021 (Week 25)",Thu,Thursday
176,"2021-06-25 00:00:00",2021,2,"Q2 2021",6,"June 2021",25,"2021, Week 25","2021-06-21 00:00:00",2021-06-27,"Jun 21, 2021 to Jun 27, 2021 (Week 25)",Fri,Friday
177,"2021-06-26 00:00:00",2021,2,"Q2 2021",6,"June 2021",25,"2021, Week 25","2021-06-21 00:00:00",2021-06-27,"Jun 21, 2021 to Jun 27, 2021 (Week 25)",Sat,Saturday
178,"2021-06-27 00:00:00",2021,2,"Q2 2021",6,"June 2021",25,"2021, Week 25","2021-06-21 00:00:00",2021-06-27,"Jun 21, 2021 to Jun 27, 2021 (Week 25)",Sun,Sunday
179,"2021-06-28 00:00:00",2021,2,"Q2 2021",6,"June 2021",26,"2021, Week 26","2021-06-28 00:00:00",2021-07-04,"Jun 28, 2021 to Jul 04, 2021 (Week 26)",Mon,Monday
180,"2021-06-29 00:00:00",2021,2,"Q2 2021",6,"June 2021",26,"2021, Week 26","2021-06-28 00:00:00",2021-07-04,"Jun 28, 2021 to Jul 04, 2021 (Week 26)",Tue,Tuesday
181,"2021-06-30 00:00:00",2021,2,"Q2 2021",6,"June 2021",26,"2021, Week 26","2021-06-28 00:00:00",2021-07-04,"Jun 28, 2021 to Jul 04, 2021 (Week 26)",Wed,Wednesday
182,"2021-07-01 00:00:00",2021,3,"Q3 2021",7,"July 2021",26,"2021, Week 26","2021-06-28 00:00:00",2021-07-04,"Jun 28, 2021 to Jul 04, 2021 (Week 26)",Thu,Thursday
183,"2021-07-02 00:00:00",2021,3,"Q3 2021",7,"July 2021",26,"2021, Week 26","2021-06-28 00:00:00",2021-07-04,"Jun 28, 2021 to Jul 04, 2021 (Week 26)",Fri,Friday
184,"2021-07-03 00:00:00",2021,3,"Q3 2021",7,"July 2021",26,"2021, Week 26","2021-06-28 00:00:00",2021-07-04,"Jun 28, 2021 to Jul 04, 2021 (Week 26)",Sat,Saturday
185,"2021-07-04 00:00:00",2021,3,"Q3 2021",7,"July 2021",26,"2021, Week 26","2021-06-28 00:00:00",2021-07-04,"Jun 28, 2021 to Jul 04, 2021 (Week 26)",Sun,Sunday
186,"2021-07-05 00:00:00",2021,3,"Q3 2021",7,"July 2021",27,"2021, Week 27","2021-07-05 00:00:00",2021-07-11,"Jul 05, 2021 to Jul 11, 2021 (Week 27)",Mon,Monday
187,"2021-07-06 00:00:00",2021,3,"Q3 2021",7,"July 2021",27,"2021, Week 27","2021-07-05 00:00:00",2021-07-11,"Jul 05, 2021 to Jul 11, 2021 (Week 27)",Tue,Tuesday
188,"2021-07-07 00:00:00",2021,3,"Q3 2021",7,"July 2021",27,"2021, Week 27","2021-07-05 00:00:00",2021-07-11,"Jul 05, 2021 to Jul 11, 2021 (Week 27)",Wed,Wednesday
189,"2021-07-08 00:00:00",2021,3,"Q3 2021",7,"July 2021",27,"2021, Week 27","2021-07-05 00:00:00",2021-07-11,"Jul 05, 2021 to Jul 11, 2021 (Week 27)",Thu,Thursday
190,"2021-07-09 00:00:00",2021,3,"Q3 2021",7,"July 2021",27,"2021, Week 27","2021-07-05 00:00:00",2021-07-11,"Jul 05, 2021 to Jul 11, 2021 (Week 27)",Fri,Friday
191,"2021-07-10 00:00:00",2021,3,"Q3 2021",7,"July 2021",27,"2021, Week 27","2021-07-05 00:00:00",2021-07-11,"Jul 05, 2021 to Jul 11, 2021 (Week 27)",Sat,Saturday
192,"2021-07-11 00:00:00",2021,3,"Q3 2021",7,"July 2021",27,"2021, Week 27","2021-07-05 00:00:00",2021-07-11,"Jul 05, 2021 to Jul 11, 2021 (Week 27)",Sun,Sunday
193,"2021-07-12 00:00:00",2021,3,"Q3 2021",7,"July 2021",28,"2021, Week 28","2021-07-12 00:00:00",2021-07-18,"Jul 12, 2021 to Jul 18, 2021 (Week 28)",Mon,Monday
194,"2021-07-13 00:00:00",2021,3,"Q3 2021",7,"July 2021",28,"2021, Week 28","2021-07-12 00:00:00",2021-07-18,"Jul 12, 2021 to Jul 18, 2021 (Week 28)",Tue,Tuesday
195,"2021-07-14 00:00:00",2021,3,"Q3 2021",7,"July 2021",28,"2021, Week 28","2021-07-12 00:00:00",2021-07-18,"Jul 12, 2021 to Jul 18, 2021 (Week 28)",Wed,Wednesday
196,"2021-07-15 00:00:00",2021,3,"Q3 2021",7,"July 2021",28,"2021, Week 28","2021-07-12 00:00:00",2021-07-18,"Jul 12, 2021 to Jul 18, 2021 (Week 28)",Thu,Thursday
197,"2021-07-16 00:00:00",2021,3,"Q3 2021",7,"July 2021",28,"2021, Week 28","2021-07-12 00:00:00",2021-07-18,"Jul 12, 2021 to Jul 18, 2021 (Week 28)",Fri,Friday
198,"2021-07-17 00:00:00",2021,3,"Q3 2021",7,"July 2021",28,"2021, Week 28","2021-07-12 00:00:00",2021-07-18,"Jul 12, 2021 to Jul 18, 2021 (Week 28)",Sat,Saturday
199,"2021-07-18 00:00:00",2021,3,"Q3 2021",7,"July 2021",28,"2021, Week 28","2021-07-12 00:00:00",2021-07-18,"Jul 12, 2021 to Jul 18, 2021 (Week 28)",Sun,Sunday
200,"2021-07-19 00:00:00",2021,3,"Q3 2021",7,"July 2021",29,"2021, Week 29","2021-07-19 00:00:00",2021-07-25,"Jul 19, 2021 to Jul 25, 2021 (Week 29)",Mon,Monday
201,"2021-07-20 00:00:00",2021,3,"Q3 2021",7,"July 2021",29,"2021, Week 29","2021-07-19 00:00:00",2021-07-25,"Jul 19, 2021 to Jul 25, 2021 (Week 29)",Tue,Tuesday
202,"2021-07-21 00:00:00",2021,3,"Q3 2021",7,"July 2021",29,"2021, Week 29","2021-07-19 00:00:00",2021-07-25,"Jul 19, 2021 to Jul 25, 2021 (Week 29)",Wed,Wednesday
203,"2021-07-22 00:00:00",2021,3,"Q3 2021",7,"July 2021",29,"2021, Week 29","2021-07-19 00:00:00",2021-07-25,"Jul 19, 2021 to Jul 25, 2021 (Week 29)",Thu,Thursday
204,"2021-07-23 00:00:00",2021,3,"Q3 2021",7,"July 2021",29,"2021, Week 29","2021-07-19 00:00:00",2021-07-25,"Jul 19, 2021 to Jul 25, 2021 (Week 29)",Fri,Friday
205,"2021-07-24 00:00:00",2021,3,"Q3 2021",7,"July 2021",29,"2021, Week 29","2021-07-19 00:00:00",2021-07-25,"Jul 19, 2021 to Jul 25, 2021 (Week 29)",Sat,Saturday
206,"2021-07-25 00:00:00",2021,3,"Q3 2021",7,"July 2021",29,"2021, Week 29","2021-07-19 00:00:00",2021-07-25,"Jul 19, 2021 to Jul 25, 2021 (Week 29)",Sun,Sunday
207,"2021-07-26 00:00:00",2021,3,"Q3 2021",7,"July 2021",30,"2021, Week 30","2021-07-26 00:00:00",2021-08-01,"Jul 26, 2021 to Aug 01, 2021 (Week 30)",Mon,Monday
208,"2021-07-27 00:00:00",2021,3,"Q3 2021",7,"July 2021",30,"2021, Week 30","2021-07-26 00:00:00",2021-08-01,"Jul 26, 2021 to Aug 01, 2021 (Week 30)",Tue,Tuesday
209,"2021-07-28 00:00:00",2021,3,"Q3 2021",7,"July 2021",30,"2021, Week 30","2021-07-26 00:00:00",2021-08-01,"Jul 26, 2021 to Aug 01, 2021 (Week 30)",Wed,Wednesday
210,"2021-07-29 00:00:00",2021,3,"Q3 2021",7,"July 2021",30,"2021, Week 30","2021-07-26 00:00:00",2021-08-01,"Jul 26, 2021 to Aug 01, 2021 (Week 30)",Thu,Thursday
211,"2021-07-30 00:00:00",2021,3,"Q3 2021",7,"July 2021",30,"2021, Week 30","2021-07-26 00:00:00",2021-08-01,"Jul 26, 2021 to Aug 01, 2021 (Week 30)",Fri,Friday
212,"2021-07-31 00:00:00",2021,3,"Q3 2021",7,"July 2021",30,"2021, Week 30","2021-07-26 00:00:00",2021-08-01,"Jul 26, 2021 to Aug 01, 2021 (Week 30)",Sat,Saturday
213,"2021-08-01 00:00:00",2021,3,"Q3 2021",8,"August 2021",30,"2021, Week 30","2021-07-26 00:00:00",2021-08-01,"Jul 26, 2021 to Aug 01, 2021 (Week 30)",Sun,Sunday
214,"2021-08-02 00:00:00",2021,3,"Q3 2021",8,"August 2021",31,"2021, Week 31","2021-08-02 00:00:00",2021-08-08,"Aug 02, 2021 to Aug 08, 2021 (Week 31)",Mon,Monday
215,"2021-08-03 00:00:00",2021,3,"Q3 2021",8,"August 2021",31,"2021, Week 31","2021-08-02 00:00:00",2021-08-08,"Aug 02, 2021 to Aug 08, 2021 (Week 31)",Tue,Tuesday
216,"2021-08-04 00:00:00",2021,3,"Q3 2021",8,"August 2021",31,"2021, Week 31","2021-08-02 00:00:00",2021-08-08,"Aug 02, 2021 to Aug 08, 2021 (Week 31)",Wed,Wednesday
217,"2021-08-05 00:00:00",2021,3,"Q3 2021",8,"August 2021",31,"2021, Week 31","2021-08-02 00:00:00",2021-08-08,"Aug 02, 2021 to Aug 08, 2021 (Week 31)",Thu,Thursday
218,"2021-08-06 00:00:00",2021,3,"Q3 2021",8,"August 2021",31,"2021, Week 31","2021-08-02 00:00:00",2021-08-08,"Aug 02, 2021 to Aug 08, 2021 (Week 31)",Fri,Friday
219,"2021-08-07 00:00:00",2021,3,"Q3 2021",8,"August 2021",31,"2021, Week 31","2021-08-02 00:00:00",2021-08-08,"Aug 02, 2021 to Aug 08, 2021 (Week 31)",Sat,Saturday
220,"2021-08-08 00:00:00",2021,3,"Q3 2021",8,"August 2021",31,"2021, Week 31","2021-08-02 00:00:00",2021-08-08,"Aug 02, 2021 to Aug 08, 2021 (Week 31)",Sun,Sunday
221,"2021-08-09 00:00:00",2021,3,"Q3 2021",8,"August 2021",32,"2021, Week 32","2021-08-09 00:00:00",2021-08-15,"Aug 09, 2021 to Aug 15, 2021 (Week 32)",Mon,Monday
222,"2021-08-10 00:00:00",2021,3,"Q3 2021",8,"August 2021",32,"2021, Week 32","2021-08-09 00:00:00",2021-08-15,"Aug 09, 2021 to Aug 15, 2021 (Week 32)",Tue,Tuesday
223,"2021-08-11 00:00:00",2021,3,"Q3 2021",8,"August 2021",32,"2021, Week 32","2021-08-09 00:00:00",2021-08-15,"Aug 09, 2021 to Aug 15, 2021 (Week 32)",Wed,Wednesday
224,"2021-08-12 00:00:00",2021,3,"Q3 2021",8,"August 2021",32,"2021, Week 32","2021-08-09 00:00:00",2021-08-15,"Aug 09, 2021 to Aug 15, 2021 (Week 32)",Thu,Thursday
225,"2021-08-13 00:00:00",2021,3,"Q3 2021",8,"August 2021",32,"2021, Week 32","2021-08-09 00:00:00",2021-08-15,"Aug 09, 2021 to Aug 15, 2021 (Week 32)",Fri,Friday
226,"2021-08-14 00:00:00",2021,3,"Q3 2021",8,"August 2021",32,"2021, Week 32","2021-08-09 00:00:00",2021-08-15,"Aug 09, 2021 to Aug 15, 2021 (Week 32)",Sat,Saturday
227,"2021-08-15 00:00:00",2021,3,"Q3 2021",8,"August 2021",32,"2021, Week 32","2021-08-09 00:00:00",2021-08-15,"Aug 09, 2021 to Aug 15, 2021 (Week 32)",Sun,Sunday
228,"2021-08-16 00:00:00",2021,3,"Q3 2021",8,"August 2021",33,"2021, Week 33","2021-08-16 00:00:00",2021-08-22,"Aug 16, 2021 to Aug 22, 2021 (Week 33)",Mon,Monday
229,"2021-08-17 00:00:00",2021,3,"Q3 2021",8,"August 2021",33,"2021, Week 33","2021-08-16 00:00:00",2021-08-22,"Aug 16, 2021 to Aug 22, 2021 (Week 33)",Tue,Tuesday
230,"2021-08-18 00:00:00",2021,3,"Q3 2021",8,"August 2021",33,"2021, Week 33","2021-08-16 00:00:00",2021-08-22,"Aug 16, 2021 to Aug 22, 2021 (Week 33)",Wed,Wednesday
231,"2021-08-19 00:00:00",2021,3,"Q3 2021",8,"August 2021",33,"2021, Week 33","2021-08-16 00:00:00",2021-08-22,"Aug 16, 2021 to Aug 22, 2021 (Week 33)",Thu,Thursday
232,"2021-08-20 00:00:00",2021,3,"Q3 2021",8,"August 2021",33,"2021, Week 33","2021-08-16 00:00:00",2021-08-22,"Aug 16, 2021 to Aug 22, 2021 (Week 33)",Fri,Friday
233,"2021-08-21 00:00:00",2021,3,"Q3 2021",8,"August 2021",33,"2021, Week 33","2021-08-16 00:00:00",2021-08-22,"Aug 16, 2021 to Aug 22, 2021 (Week 33)",Sat,Saturday
234,"2021-08-22 00:00:00",2021,3,"Q3 2021",8,"August 2021",33,"2021, Week 33","2021-08-16 00:00:00",2021-08-22,"Aug 16, 2021 to Aug 22, 2021 (Week 33)",Sun,Sunday
235,"2021-08-23 00:00:00",2021,3,"Q3 2021",8,"August 2021",34,"2021, Week 34","2021-08-23 00:00:00",2021-08-29,"Aug 23, 2021 to Aug 29, 2021 (Week 34)",Mon,Monday
236,"2021-08-24 00:00:00",2021,3,"Q3 2021",8,"August 2021",34,"2021, Week 34","2021-08-23 00:00:00",2021-08-29,"Aug 23, 2021 to Aug 29, 2021 (Week 34)",Tue,Tuesday
237,"2021-08-25 00:00:00",2021,3,"Q3 2021",8,"August 2021",34,"2021, Week 34","2021-08-23 00:00:00",2021-08-29,"Aug 23, 2021 to Aug 29, 2021 (Week 34)",Wed,Wednesday
238,"2021-08-26 00:00:00",2021,3,"Q3 2021",8,"August 2021",34,"2021, Week 34","2021-08-23 00:00:00",2021-08-29,"Aug 23, 2021 to Aug 29, 2021 (Week 34)",Thu,Thursday
239,"2021-08-27 00:00:00",2021,3,"Q3 2021",8,"August 2021",34,"2021, Week 34","2021-08-23 00:00:00",2021-08-29,"Aug 23, 2021 to Aug 29, 2021 (Week 34)",Fri,Friday
240,"2021-08-28 00:00:00",2021,3,"Q3 2021",8,"August 2021",34,"2021, Week 34","2021-08-23 00:00:00",2021-08-29,"Aug 23, 2021 to Aug 29, 2021 (Week 34)",Sat,Saturday
241,"2021-08-29 00:00:00",2021,3,"Q3 2021",8,"August 2021",34,"2021, Week 34","2021-08-23 00:00:00",2021-08-29,"Aug 23, 2021 to Aug 29, 2021 (Week 34)",Sun,Sunday
242,"2021-08-30 00:00:00",2021,3,"Q3 2021",8,"August 2021",35,"2021, Week 35","2021-08-30 00:00:00",2021-09-05,"Aug 30, 2021 to Sep 05, 2021 (Week 35)",Mon,Monday
243,"2021-08-31 00:00:00",2021,3,"Q3 2021",8,"August 2021",35,"2021, Week 35","2021-08-30 00:00:00",2021-09-05,"Aug 30, 2021 to Sep 05, 2021 (Week 35)",Tue,Tuesday
244,"2021-09-01 00:00:00",2021,3,"Q3 2021",9,"September 2021",35,"2021, Week 35","2021-08-30 00:00:00",2021-09-05,"Aug 30, 2021 to Sep 05, 2021 (Week 35)",Wed,Wednesday
245,"2021-09-02 00:00:00",2021,3,"Q3 2021",9,"September 2021",35,"2021, Week 35","2021-08-30 00:00:00",2021-09-05,"Aug 30, 2021 to Sep 05, 2021 (Week 35)",Thu,Thursday
246,"2021-09-03 00:00:00",2021,3,"Q3 2021",9,"September 2021",35,"2021, Week 35","2021-08-30 00:00:00",2021-09-05,"Aug 30, 2021 to Sep 05, 2021 (Week 35)",Fri,Friday
247,"2021-09-04 00:00:00",2021,3,"Q3 2021",9,"September 2021",35,"2021, Week 35","2021-08-30 00:00:00",2021-09-05,"Aug 30, 2021 to Sep 05, 2021 (Week 35)",Sat,Saturday
248,"2021-09-05 00:00:00",2021,3,"Q3 2021",9,"September 2021",35,"2021, Week 35","2021-08-30 00:00:00",2021-09-05,"Aug 30, 2021 to Sep 05, 2021 (Week 35)",Sun,Sunday
249,"2021-09-06 00:00:00",2021,3,"Q3 2021",9,"September 2021",36,"2021, Week 36","2021-09-06 00:00:00",2021-09-12,"Sep 06, 2021 to Sep 12, 2021 (Week 36)",Mon,Monday
250,"2021-09-07 00:00:00",2021,3,"Q3 2021",9,"September 2021",36,"2021, Week 36","2021-09-06 00:00:00",2021-09-12,"Sep 06, 2021 to Sep 12, 2021 (Week 36)",Tue,Tuesday
251,"2021-09-08 00:00:00",2021,3,"Q3 2021",9,"September 2021",36,"2021, Week 36","2021-09-06 00:00:00",2021-09-12,"Sep 06, 2021 to Sep 12, 2021 (Week 36)",Wed,Wednesday
252,"2021-09-09 00:00:00",2021,3,"Q3 2021",9,"September 2021",36,"2021, Week 36","2021-09-06 00:00:00",2021-09-12,"Sep 06, 2021 to Sep 12, 2021 (Week 36)",Thu,Thursday
253,"2021-09-10 00:00:00",2021,3,"Q3 2021",9,"September 2021",36,"2021, Week 36","2021-09-06 00:00:00",2021-09-12,"Sep 06, 2021 to Sep 12, 2021 (Week 36)",Fri,Friday
254,"2021-09-11 00:00:00",2021,3,"Q3 2021",9,"September 2021",36,"2021, Week 36","2021-09-06 00:00:00",2021-09-12,"Sep 06, 2021 to Sep 12, 2021 (Week 36)",Sat,Saturday
255,"2021-09-12 00:00:00",2021,3,"Q3 2021",9,"September 2021",36,"2021, Week 36","2021-09-06 00:00:00",2021-09-12,"Sep 06, 2021 to Sep 12, 2021 (Week 36)",Sun,Sunday
256,"2021-09-13 00:00:00",2021,3,"Q3 2021",9,"September 2021",37,"2021, Week 37","2021-09-13 00:00:00",2021-09-19,"Sep 13, 2021 to Sep 19, 2021 (Week 37)",Mon,Monday
257,"2021-09-14 00:00:00",2021,3,"Q3 2021",9,"September 2021",37,"2021, Week 37","2021-09-13 00:00:00",2021-09-19,"Sep 13, 2021 to Sep 19, 2021 (Week 37)",Tue,Tuesday
258,"2021-09-15 00:00:00",2021,3,"Q3 2021",9,"September 2021",37,"2021, Week 37","2021-09-13 00:00:00",2021-09-19,"Sep 13, 2021 to Sep 19, 2021 (Week 37)",Wed,Wednesday
259,"2021-09-16 00:00:00",2021,3,"Q3 2021",9,"September 2021",37,"2021, Week 37","2021-09-13 00:00:00",2021-09-19,"Sep 13, 2021 to Sep 19, 2021 (Week 37)",Thu,Thursday
260,"2021-09-17 00:00:00",2021,3,"Q3 2021",9,"September 2021",37,"2021, Week 37","2021-09-13 00:00:00",2021-09-19,"Sep 13, 2021 to Sep 19, 2021 (Week 37)",Fri,Friday
261,"2021-09-18 00:00:00",2021,3,"Q3 2021",9,"September 2021",37,"2021, Week 37","2021-09-13 00:00:00",2021-09-19,"Sep 13, 2021 to Sep 19, 2021 (Week 37)",Sat,Saturday
262,"2021-09-19 00:00:00",2021,3,"Q3 2021",9,"September 2021",37,"2021, Week 37","2021-09-13 00:00:00",2021-09-19,"Sep 13, 2021 to Sep 19, 2021 (Week 37)",Sun,Sunday
263,"2021-09-20 00:00:00",2021,3,"Q3 2021",9,"September 2021",38,"2021, Week 38","2021-09-20 00:00:00",2021-09-26,"Sep 20, 2021 to Sep 26, 2021 (Week 38)",Mon,Monday
264,"2021-09-21 00:00:00",2021,3,"Q3 2021",9,"September 2021",38,"2021, Week 38","2021-09-20 00:00:00",2021-09-26,"Sep 20, 2021 to Sep 26, 2021 (Week 38)",Tue,Tuesday
265,"2021-09-22 00:00:00",2021,3,"Q3 2021",9,"September 2021",38,"2021, Week 38","2021-09-20 00:00:00",2021-09-26,"Sep 20, 2021 to Sep 26, 2021 (Week 38)",Wed,Wednesday
266,"2021-09-23 00:00:00",2021,3,"Q3 2021",9,"September 2021",38,"2021, Week 38","2021-09-20 00:00:00",2021-09-26,"Sep 20, 2021 to Sep 26, 2021 (Week 38)",Thu,Thursday
267,"2021-09-24 00:00:00",2021,3,"Q3 2021",9,"September 2021",38,"2021, Week 38","2021-09-20 00:00:00",2021-09-26,"Sep 20, 2021 to Sep 26, 2021 (Week 38)",Fri,Friday
268,"2021-09-25 00:00:00",2021,3,"Q3 2021",9,"September 2021",38,"2021, Week 38","2021-09-20 00:00:00",2021-09-26,"Sep 20, 2021 to Sep 26, 2021 (Week 38)",Sat,Saturday
269,"2021-09-26 00:00:00",2021,3,"Q3 2021",9,"September 2021",38,"2021, Week 38","2021-09-20 00:00:00",2021-09-26,"Sep 20, 2021 to Sep 26, 2021 (Week 38)",Sun,Sunday
270,"2021-09-27 00:00:00",2021,3,"Q3 2021",9,"September 2021",39,"2021, Week 39","2021-09-27 00:00:00",2021-10-03,"Sep 27, 2021 to Oct 03, 2021 (Week 39)",Mon,Monday
271,"2021-09-28 00:00:00",2021,3,"Q3 2021",9,"September 2021",39,"2021, Week 39","2021-09-27 00:00:00",2021-10-03,"Sep 27, 2021 to Oct 03, 2021 (Week 39)",Tue,Tuesday
272,"2021-09-29 00:00:00",2021,3,"Q3 2021",9,"September 2021",39,"2021, Week 39","2021-09-27 00:00:00",2021-10-03,"Sep 27, 2021 to Oct 03, 2021 (Week 39)",Wed,Wednesday
273,"2021-09-30 00:00:00",2021,3,"Q3 2021",9,"September 2021",39,"2021, Week 39","2021-09-27 00:00:00",2021-10-03,"Sep 27, 2021 to Oct 03, 2021 (Week 39)",Thu,Thursday
274,"2021-10-01 00:00:00",2021,4,"Q4 2021",10,"October 2021",39,"2021, Week 39","2021-09-27 00:00:00",2021-10-03,"Sep 27, 2021 to Oct 03, 2021 (Week 39)",Fri,Friday
275,"2021-10-02 00:00:00",2021,4,"Q4 2021",10,"October 2021",39,"2021, Week 39","2021-09-27 00:00:00",2021-10-03,"Sep 27, 2021 to Oct 03, 2021 (Week 39)",Sat,Saturday
276,"2021-10-03 00:00:00",2021,4,"Q4 2021",10,"October 2021",39,"2021, Week 39","2021-09-27 00:00:00",2021-10-03,"Sep 27, 2021 to Oct 03, 2021 (Week 39)",Sun,Sunday
277,"2021-10-04 00:00:00",2021,4,"Q4 2021",10,"October 2021",40,"2021, Week 40","2021-10-04 00:00:00",2021-10-10,"Oct 04, 2021 to Oct 10, 2021 (Week 40)",Mon,Monday
278,"2021-10-05 00:00:00",2021,4,"Q4 2021",10,"October 2021",40,"2021, Week 40","2021-10-04 00:00:00",2021-10-10,"Oct 04, 2021 to Oct 10, 2021 (Week 40)",Tue,Tuesday
279,"2021-10-06 00:00:00",2021,4,"Q4 2021",10,"October 2021",40,"2021, Week 40","2021-10-04 00:00:00",2021-10-10,"Oct 04, 2021 to Oct 10, 2021 (Week 40)",Wed,Wednesday
280,"2021-10-07 00:00:00",2021,4,"Q4 2021",10,"October 2021",40,"2021, Week 40","2021-10-04 00:00:00",2021-10-10,"Oct 04, 2021 to Oct 10, 2021 (Week 40)",Thu,Thursday
281,"2021-10-08 00:00:00",2021,4,"Q4 2021",10,"October 2021",40,"2021, Week 40","2021-10-04 00:00:00",2021-10-10,"Oct 04, 2021 to Oct 10, 2021 (Week 40)",Fri,Friday
282,"2021-10-09 00:00:00",2021,4,"Q4 2021",10,"October 2021",40,"2021, Week 40","2021-10-04 00:00:00",2021-10-10,"Oct 04, 2021 to Oct 10, 2021 (Week 40)",Sat,Saturday
283,"2021-10-10 00:00:00",2021,4,"Q4 2021",10,"October 2021",40,"2021, Week 40","2021-10-04 00:00:00",2021-10-10,"Oct 04, 2021 to Oct 10, 2021 (Week 40)",Sun,Sunday
284,"2021-10-11 00:00:00",2021,4,"Q4 2021",10,"October 2021",41,"2021, Week 41","2021-10-11 00:00:00",2021-10-17,"Oct 11, 2021 to Oct 17, 2021 (Week 41)",Mon,Monday
285,"2021-10-12 00:00:00",2021,4,"Q4 2021",10,"October 2021",41,"2021, Week 41","2021-10-11 00:00:00",2021-10-17,"Oct 11, 2021 to Oct 17, 2021 (Week 41)",Tue,Tuesday
286,"2021-10-13 00:00:00",2021,4,"Q4 2021",10,"October 2021",41,"2021, Week 41","2021-10-11 00:00:00",2021-10-17,"Oct 11, 2021 to Oct 17, 2021 (Week 41)",Wed,Wednesday
287,"2021-10-14 00:00:00",2021,4,"Q4 2021",10,"October 2021",41,"2021, Week 41","2021-10-11 00:00:00",2021-10-17,"Oct 11, 2021 to Oct 17, 2021 (Week 41)",Thu,Thursday
288,"2021-10-15 00:00:00",2021,4,"Q4 2021",10,"October 2021",41,"2021, Week 41","2021-10-11 00:00:00",2021-10-17,"Oct 11, 2021 to Oct 17, 2021 (Week 41)",Fri,Friday
289,"2021-10-16 00:00:00",2021,4,"Q4 2021",10,"October 2021",41,"2021, Week 41","2021-10-11 00:00:00",2021-10-17,"Oct 11, 2021 to Oct 17, 2021 (Week 41)",Sat,Saturday
290,"2021-10-17 00:00:00",2021,4,"Q4 2021",10,"October 2021",41,"2021, Week 41","2021-10-11 00:00:00",2021-10-17,"Oct 11, 2021 to Oct 17, 2021 (Week 41)",Sun,Sunday
291,"2021-10-18 00:00:00",2021,4,"Q4 2021",10,"October 2021",42,"2021, Week 42","2021-10-18 00:00:00",2021-10-24,"Oct 18, 2021 to Oct 24, 2021 (Week 42)",Mon,Monday
292,"2021-10-19 00:00:00",2021,4,"Q4 2021",10,"October 2021",42,"2021, Week 42","2021-10-18 00:00:00",2021-10-24,"Oct 18, 2021 to Oct 24, 2021 (Week 42)",Tue,Tuesday
293,"2021-10-20 00:00:00",2021,4,"Q4 2021",10,"October 2021",42,"2021, Week 42","2021-10-18 00:00:00",2021-10-24,"Oct 18, 2021 to Oct 24, 2021 (Week 42)",Wed,Wednesday
294,"2021-10-21 00:00:00",2021,4,"Q4 2021",10,"October 2021",42,"2021, Week 42","2021-10-18 00:00:00",2021-10-24,"Oct 18, 2021 to Oct 24, 2021 (Week 42)",Thu,Thursday
295,"2021-10-22 00:00:00",2021,4,"Q4 2021",10,"October 2021",42,"2021, Week 42","2021-10-18 00:00:00",2021-10-24,"Oct 18, 2021 to Oct 24, 2021 (Week 42)",Fri,Friday
296,"2021-10-23 00:00:00",2021,4,"Q4 2021",10,"October 2021",42,"2021, Week 42","2021-10-18 00:00:00",2021-10-24,"Oct 18, 2021 to Oct 24, 2021 (Week 42)",Sat,Saturday
297,"2021-10-24 00:00:00",2021,4,"Q4 2021",10,"October 2021",42,"2021, Week 42","2021-10-18 00:00:00",2021-10-24,"Oct 18, 2021 to Oct 24, 2021 (Week 42)",Sun,Sunday
298,"2021-10-25 00:00:00",2021,4,"Q4 2021",10,"October 2021",43,"2021, Week 43","2021-10-25 00:00:00",2021-10-31,"Oct 25, 2021 to Oct 31, 2021 (Week 43)",Mon,Monday
299,"2021-10-26 00:00:00",2021,4,"Q4 2021",10,"October 2021",43,"2021, Week 43","2021-10-25 00:00:00",2021-10-31,"Oct 25, 2021 to Oct 31, 2021 (Week 43)",Tue,Tuesday
300,"2021-10-27 00:00:00",2021,4,"Q4 2021",10,"October 2021",43,"2021, Week 43","2021-10-25 00:00:00",2021-10-31,"Oct 25, 2021 to Oct 31, 2021 (Week 43)",Wed,Wednesday
301,"2021-10-28 00:00:00",2021,4,"Q4 2021",10,"October 2021",43,"2021, Week 43","2021-10-25 00:00:00",2021-10-31,"Oct 25, 2021 to Oct 31, 2021 (Week 43)",Thu,Thursday
302,"2021-10-29 00:00:00",2021,4,"Q4 2021",10,"October 2021",43,"2021, Week 43","2021-10-25 00:00:00",2021-10-31,"Oct 25, 2021 to Oct 31, 2021 (Week 43)",Fri,Friday
303,"2021-10-30 00:00:00",2021,4,"Q4 2021",10,"October 2021",43,"2021, Week 43","2021-10-25 00:00:00",2021-10-31,"Oct 25, 2021 to Oct 31, 2021 (Week 43)",Sat,Saturday
304,"2021-10-31 00:00:00",2021,4,"Q4 2021",10,"October 2021",43,"2021, Week 43","2021-10-25 00:00:00",2021-10-31,"Oct 25, 2021 to Oct 31, 2021 (Week 43)",Sun,Sunday
305,"2021-11-01 00:00:00",2021,4,"Q4 2021",11,"November 2021",44,"2021, Week 44","2021-11-01 00:00:00",2021-11-07,"Nov 01, 2021 to Nov 07, 2021 (Week 44)",Mon,Monday
306,"2021-11-02 00:00:00",2021,4,"Q4 2021",11,"November 2021",44,"2021, Week 44","2021-11-01 00:00:00",2021-11-07,"Nov 01, 2021 to Nov 07, 2021 (Week 44)",Tue,Tuesday
307,"2021-11-03 00:00:00",2021,4,"Q4 2021",11,"November 2021",44,"2021, Week 44","2021-11-01 00:00:00",2021-11-07,"Nov 01, 2021 to Nov 07, 2021 (Week 44)",Wed,Wednesday
308,"2021-11-04 00:00:00",2021,4,"Q4 2021",11,"November 2021",44,"2021, Week 44","2021-11-01 00:00:00",2021-11-07,"Nov 01, 2021 to Nov 07, 2021 (Week 44)",Thu,Thursday
309,"2021-11-05 00:00:00",2021,4,"Q4 2021",11,"November 2021",44,"2021, Week 44","2021-11-01 00:00:00",2021-11-07,"Nov 01, 2021 to Nov 07, 2021 (Week 44)",Fri,Friday
310,"2021-11-06 00:00:00",2021,4,"Q4 2021",11,"November 2021",44,"2021, Week 44","2021-11-01 00:00:00",2021-11-07,"Nov 01, 2021 to Nov 07, 2021 (Week 44)",Sat,Saturday
311,"2021-11-07 00:00:00",2021,4,"Q4 2021",11,"November 2021",44,"2021, Week 44","2021-11-01 00:00:00",2021-11-07,"Nov 01, 2021 to Nov 07, 2021 (Week 44)",Sun,Sunday
312,"2021-11-08 00:00:00",2021,4,"Q4 2021",11,"November 2021",45,"2021, Week 45","2021-11-08 00:00:00",2021-11-14,"Nov 08, 2021 to Nov 14, 2021 (Week 45)",Mon,Monday
313,"2021-11-09 00:00:00",2021,4,"Q4 2021",11,"November 2021",45,"2021, Week 45","2021-11-08 00:00:00",2021-11-14,"Nov 08, 2021 to Nov 14, 2021 (Week 45)",Tue,Tuesday
314,"2021-11-10 00:00:00",2021,4,"Q4 2021",11,"November 2021",45,"2021, Week 45","2021-11-08 00:00:00",2021-11-14,"Nov 08, 2021 to Nov 14, 2021 (Week 45)",Wed,Wednesday
315,"2021-11-11 00:00:00",2021,4,"Q4 2021",11,"November 2021",45,"2021, Week 45","2021-11-08 00:00:00",2021-11-14,"Nov 08, 2021 to Nov 14, 2021 (Week 45)",Thu,Thursday
316,"2021-11-12 00:00:00",2021,4,"Q4 2021",11,"November 2021",45,"2021, Week 45","2021-11-08 00:00:00",2021-11-14,"Nov 08, 2021 to Nov 14, 2021 (Week 45)",Fri,Friday
317,"2021-11-13 00:00:00",2021,4,"Q4 2021",11,"November 2021",45,"2021, Week 45","2021-11-08 00:00:00",2021-11-14,"Nov 08, 2021 to Nov 14, 2021 (Week 45)",Sat,Saturday
318,"2021-11-14 00:00:00",2021,4,"Q4 2021",11,"November 2021",45,"2021, Week 45","2021-11-08 00:00:00",2021-11-14,"Nov 08, 2021 to Nov 14, 2021 (Week 45)",Sun,Sunday
319,"2021-11-15 00:00:00",2021,4,"Q4 2021",11,"November 2021",46,"2021, Week 46","2021-11-15 00:00:00",2021-11-21,"Nov 15, 2021 to Nov 21, 2021 (Week 46)",Mon,Monday
320,"2021-11-16 00:00:00",2021,4,"Q4 2021",11,"November 2021",46,"2021, Week 46","2021-11-15 00:00:00",2021-11-21,"Nov 15, 2021 to Nov 21, 2021 (Week 46)",Tue,Tuesday
321,"2021-11-17 00:00:00",2021,4,"Q4 2021",11,"November 2021",46,"2021, Week 46","2021-11-15 00:00:00",2021-11-21,"Nov 15, 2021 to Nov 21, 2021 (Week 46)",Wed,Wednesday
322,"2021-11-18 00:00:00",2021,4,"Q4 2021",11,"November 2021",46,"2021, Week 46","2021-11-15 00:00:00",2021-11-21,"Nov 15, 2021 to Nov 21, 2021 (Week 46)",Thu,Thursday
323,"2021-11-19 00:00:00",2021,4,"Q4 2021",11,"November 2021",46,"2021, Week 46","2021-11-15 00:00:00",2021-11-21,"Nov 15, 2021 to Nov 21, 2021 (Week 46)",Fri,Friday
324,"2021-11-20 00:00:00",2021,4,"Q4 2021",11,"November 2021",46,"2021, Week 46","2021-11-15 00:00:00",2021-11-21,"Nov 15, 2021 to Nov 21, 2021 (Week 46)",Sat,Saturday
325,"2021-11-21 00:00:00",2021,4,"Q4 2021",11,"November 2021",46,"2021, Week 46","2021-11-15 00:00:00",2021-11-21,"Nov 15, 2021 to Nov 21, 2021 (Week 46)",Sun,Sunday
326,"2021-11-22 00:00:00",2021,4,"Q4 2021",11,"November 2021",47,"2021, Week 47","2021-11-22 00:00:00",2021-11-28,"Nov 22, 2021 to Nov 28, 2021 (Week 47)",Mon,Monday
327,"2021-11-23 00:00:00",2021,4,"Q4 2021",11,"November 2021",47,"2021, Week 47","2021-11-22 00:00:00",2021-11-28,"Nov 22, 2021 to Nov 28, 2021 (Week 47)",Tue,Tuesday
328,"2021-11-24 00:00:00",2021,4,"Q4 2021",11,"November 2021",47,"2021, Week 47","2021-11-22 00:00:00",2021-11-28,"Nov 22, 2021 to Nov 28, 2021 (Week 47)",Wed,Wednesday
329,"2021-11-25 00:00:00",2021,4,"Q4 2021",11,"November 2021",47,"2021, Week 47","2021-11-22 00:00:00",2021-11-28,"Nov 22, 2021 to Nov 28, 2021 (Week 47)",Thu,Thursday
330,"2021-11-26 00:00:00",2021,4,"Q4 2021",11,"November 2021",47,"2021, Week 47","2021-11-22 00:00:00",2021-11-28,"Nov 22, 2021 to Nov 28, 2021 (Week 47)",Fri,Friday
331,"2021-11-27 00:00:00",2021,4,"Q4 2021",11,"November 2021",47,"2021, Week 47","2021-11-22 00:00:00",2021-11-28,"Nov 22, 2021 to Nov 28, 2021 (Week 47)",Sat,Saturday
332,"2021-11-28 00:00:00",2021,4,"Q4 2021",11,"November 2021",47,"2021, Week 47","2021-11-22 00:00:00",2021-11-28,"Nov 22, 2021 to Nov 28, 2021 (Week 47)",Sun,Sunday
333,"2021-11-29 00:00:00",2021,4,"Q4 2021",11,"November 2021",48,"2021, Week 48","2021-11-29 00:00:00",2021-12-05,"Nov 29, 2021 to Dec 05, 2021 (Week 48)",Mon,Monday
334,"2021-11-30 00:00:00",2021,4,"Q4 2021",11,"November 2021",48,"2021, Week 48","2021-11-29 00:00:00",2021-12-05,"Nov 29, 2021 to Dec 05, 2021 (Week 48)",Tue,Tuesday
335,"2021-12-01 00:00:00",2021,4,"Q4 2021",12,"December 2021",48,"2021, Week 48","2021-11-29 00:00:00",2021-12-05,"Nov 29, 2021 to Dec 05, 2021 (Week 48)",Wed,Wednesday
336,"2021-12-02 00:00:00",2021,4,"Q4 2021",12,"December 2021",48,"2021, Week 48","2021-11-29 00:00:00",2021-12-05,"Nov 29, 2021 to Dec 05, 2021 (Week 48)",Thu,Thursday
337,"2021-12-03 00:00:00",2021,4,"Q4 2021",12,"December 2021",48,"2021, Week 48","2021-11-29 00:00:00",2021-12-05,"Nov 29, 2021 to Dec 05, 2021 (Week 48)",Fri,Friday
338,"2021-12-04 00:00:00",2021,4,"Q4 2021",12,"December 2021",48,"2021, Week 48","2021-11-29 00:00:00",2021-12-05,"Nov 29, 2021 to Dec 05, 2021 (Week 48)",Sat,Saturday
339,"2021-12-05 00:00:00",2021,4,"Q4 2021",12,"December 2021",48,"2021, Week 48","2021-11-29 00:00:00",2021-12-05,"Nov 29, 2021 to Dec 05, 2021 (Week 48)",Sun,Sunday
340,"2021-12-06 00:00:00",2021,4,"Q4 2021",12,"December 2021",49,"2021, Week 49","2021-12-06 00:00:00",2021-12-12,"Dec 06, 2021 to Dec 12, 2021 (Week 49)",Mon,Monday
341,"2021-12-07 00:00:00",2021,4,"Q4 2021",12,"December 2021",49,"2021, Week 49","2021-12-06 00:00:00",2021-12-12,"Dec 06, 2021 to Dec 12, 2021 (Week 49)",Tue,Tuesday
342,"2021-12-08 00:00:00",2021,4,"Q4 2021",12,"December 2021",49,"2021, Week 49","2021-12-06 00:00:00",2021-12-12,"Dec 06, 2021 to Dec 12, 2021 (Week 49)",Wed,Wednesday
343,"2021-12-09 00:00:00",2021,4,"Q4 2021",12,"December 2021",49,"2021, Week 49","2021-12-06 00:00:00",2021-12-12,"Dec 06, 2021 to Dec 12, 2021 (Week 49)",Thu,Thursday
344,"2021-12-10 00:00:00",2021,4,"Q4 2021",12,"December 2021",49,"2021, Week 49","2021-12-06 00:00:00",2021-12-12,"Dec 06, 2021 to Dec 12, 2021 (Week 49)",Fri,Friday
345,"2021-12-11 00:00:00",2021,4,"Q4 2021",12,"December 2021",49,"2021, Week 49","2021-12-06 00:00:00",2021-12-12,"Dec 06, 2021 to Dec 12, 2021 (Week 49)",Sat,Saturday
346,"2021-12-12 00:00:00",2021,4,"Q4 2021",12,"December 2021",49,"2021, Week 49","2021-12-06 00:00:00",2021-12-12,"Dec 06, 2021 to Dec 12, 2021 (Week 49)",Sun,Sunday
347,"2021-12-13 00:00:00",2021,4,"Q4 2021",12,"December 2021",50,"2021, Week 50","2021-12-13 00:00:00",2021-12-19,"Dec 13, 2021 to Dec 19, 2021 (Week 50)",Mon,Monday
348,"2021-12-14 00:00:00",2021,4,"Q4 2021",12,"December 2021",50,"2021, Week 50","2021-12-13 00:00:00",2021-12-19,"Dec 13, 2021 to Dec 19, 2021 (Week 50)",Tue,Tuesday
349,"2021-12-15 00:00:00",2021,4,"Q4 2021",12,"December 2021",50,"2021, Week 50","2021-12-13 00:00:00",2021-12-19,"Dec 13, 2021 to Dec 19, 2021 (Week 50)",Wed,Wednesday
350,"2021-12-16 00:00:00",2021,4,"Q4 2021",12,"December 2021",50,"2021, Week 50","2021-12-13 00:00:00",2021-12-19,"Dec 13, 2021 to Dec 19, 2021 (Week 50)",Thu,Thursday
351,"2021-12-17 00:00:00",2021,4,"Q4 2021",12,"December 2021",50,"2021, Week 50","2021-12-13 00:00:00",2021-12-19,"Dec 13, 2021 to Dec 19, 2021 (Week 50)",Fri,Friday
352,"2021-12-18 00:00:00",2021,4,"Q4 2021",12,"December 2021",50,"2021, Week 50","2021-12-13 00:00:00",2021-12-19,"Dec 13, 2021 to Dec 19, 2021 (Week 50)",Sat,Saturday
353,"2021-12-19 00:00:00",2021,4,"Q4 2021",12,"December 2021",50,"2021, Week 50","2021-12-13 00:00:00",2021-12-19,"Dec 13, 2021 to Dec 19, 2021 (Week 50)",Sun,Sunday
354,"2021-12-20 00:00:00",2021,4,"Q4 2021",12,"December 2021",51,"2021, Week 51","2021-12-20 00:00:00",2021-12-26,"Dec 20, 2021 to Dec 26, 2021 (Week 51)",Mon,Monday
355,"2021-12-21 00:00:00",2021,4,"Q4 2021",12,"December 2021",51,"2021, Week 51","2021-12-20 00:00:00",2021-12-26,"Dec 20, 2021 to Dec 26, 2021 (Week 51)",Tue,Tuesday
356,"2021-12-22 00:00:00",2021,4,"Q4 2021",12,"December 2021",51,"2021, Week 51","2021-12-20 00:00:00",2021-12-26,"Dec 20, 2021 to Dec 26, 2021 (Week 51)",Wed,Wednesday
357,"2021-12-23 00:00:00",2021,4,"Q4 2021",12,"December 2021",51,"2021, Week 51","2021-12-20 00:00:00",2021-12-26,"Dec 20, 2021 to Dec 26, 2021 (Week 51)",Thu,Thursday
358,"2021-12-24 00:00:00",2021,4,"Q4 2021",12,"December 2021",51,"2021, Week 51","2021-12-20 00:00:00",2021-12-26,"Dec 20, 2021 to Dec 26, 2021 (Week 51)",Fri,Friday
359,"2021-12-25 00:00:00",2021,4,"Q4 2021",12,"December 2021",51,"2021, Week 51","2021-12-20 00:00:00",2021-12-26,"Dec 20, 2021 to Dec 26, 2021 (Week 51)",Sat,Saturday
360,"2021-12-26 00:00:00",2021,4,"Q4 2021",12,"December 2021",51,"2021, Week 51","2021-12-20 00:00:00",2021-12-26,"Dec 20, 2021 to Dec 26, 2021 (Week 51)",Sun,Sunday
361,"2021-12-27 00:00:00",2021,4,"Q4 2021",12,"December 2021",52,"2021, Week 52","2021-12-27 00:00:00",2022-01-02,"Dec 27, 2021 to Jan 02, 2022 (Week 52)",Mon,Monday
362,"2021-12-28 00:00:00",2021,4,"Q4 2021",12,"December 2021",52,"2021, Week 52","2021-12-27 00:00:00",2022-01-02,"Dec 27, 2021 to Jan 02, 2022 (Week 52)",Tue,Tuesday
363,"2021-12-29 00:00:00",2021,4,"Q4 2021",12,"December 2021",52,"2021, Week 52","2021-12-27 00:00:00",2022-01-02,"Dec 27, 2021 to Jan 02, 2022 (Week 52)",Wed,Wednesday
364,"2021-12-30 00:00:00",2021,4,"Q4 2021",12,"December 2021",52,"2021, Week 52","2021-12-27 00:00:00",2022-01-02,"Dec 27, 2021 to Jan 02, 2022 (Week 52)",Thu,Thursday
365,"2021-12-31 00:00:00",2021,4,"Q4 2021",12,"December 2021",52,"2021, Week 52","2021-12-27 00:00:00",2022-01-02,"Dec 27, 2021 to Jan 02, 2022 (Week 52)",Fri,Friday
